Image,MOS
00003_Rahel003_Basics_007_cn_sigma_20,2.676595745
00003_Rahel003_Basics_007_cn_sigma_40,1.835992908
00003_Rahel003_Basics_007_cn_sigma_60,1.257269504
00003_Rahel003_Basics_007_cn_sigma_80,1.300177305
00003_Rahel003_Basics_007_gn_sigma_0.05,3.608510638
00003_Rahel003_Basics_007_gn_sigma_0.10,2.221808511
00003_Rahel003_Basics_007_gn_sigma_0.15,1.714184397
00003_Rahel003_Basics_007_gn_sigma_0.20,1.300177305
00003_Rahel003_Basics_007_jpeg_q_03,1.367553191
00003_Rahel003_Basics_007_jpeg_q_10,2.747163121
00003_Rahel003_Basics_007_jpeg_q_15,2.527304965
00003_Rahel003_Basics_007_jpeg_q_20,3.460460993
00003_Rahel003_Basics_007_qp_level_6,1.150531915
00003_Rahel003_Basics_007_qp_level_7,1.646276596
00003_Rahel003_Basics_007_qp_level_8,3.022695035
00003_Rahel003_Basics_007_qp_level_9,3.396985816
00003_Rahel003_Basics_007_qt_level_6,1.602304965
00003_Rahel003_Basics_007_qt_level_7,2.271808511
00003_Rahel003_Basics_007_qt_level_8,3.125886525
00003_Rahel003_Basics_007_qt_level_9,4.263829787
00003_Rahel003_Basics_007_simp_rate_0.05,2.875634438
00003_Rahel003_Basics_007_simp_rate_0.10,3.469692988
00003_Rahel003_Basics_007_simp_rate_0.20,3.475586647
00003_Rahel003_Basics_007_simp_rate_0.40,3.912343664
00003_Rahel003_Basics_007_sub_rate_02,3.721985816
00003_Rahel003_Basics_007_sub_rate_04,2.145212766
00003_Rahel003_Basics_007_sub_rate_08,1.554255319
00003_Rahel003_Basics_007_sub_rate_16,1.190248227
00005_Sam006_Basics_006_cn_sigma_20,3.017553191
00005_Sam006_Basics_006_cn_sigma_40,1.564893617
00005_Sam006_Basics_006_cn_sigma_60,1.331914894
00005_Sam006_Basics_006_cn_sigma_80,1.493439716
00005_Sam006_Basics_006_gn_sigma_0.05,3.521631206
00005_Sam006_Basics_006_gn_sigma_0.10,2.413475177
00005_Sam006_Basics_006_gn_sigma_0.15,1.829609929
00005_Sam006_Basics_006_gn_sigma_0.20,1.474822695
00005_Sam006_Basics_006_jpeg_q_03,1.279078014
00005_Sam006_Basics_006_jpeg_q_10,2.302659574
00005_Sam006_Basics_006_jpeg_q_15,3.772340426
00005_Sam006_Basics_006_jpeg_q_20,3.176595745
00005_Sam006_Basics_006_qp_level_6,0.744148936
00005_Sam006_Basics_006_qp_level_7,2.039184397
00005_Sam006_Basics_006_qp_level_8,2.928191489
00005_Sam006_Basics_006_qp_level_9,4.268971631
00005_Sam006_Basics_006_qt_level_6,1.305319149
00005_Sam006_Basics_006_qt_level_7,2.209397163
00005_Sam006_Basics_006_qt_level_8,2.925
00005_Sam006_Basics_006_qt_level_9,4.241134752
00005_Sam006_Basics_006_simp_rate_0.05,2.694688947
00005_Sam006_Basics_006_simp_rate_0.10,3.161060312
00005_Sam006_Basics_006_simp_rate_0.20,3.282705766
00005_Sam006_Basics_006_simp_rate_0.40,4.20983458
00005_Sam006_Basics_006_sub_rate_02,3.104078014
00005_Sam006_Basics_006_sub_rate_04,2.453546099
00005_Sam006_Basics_006_sub_rate_08,2.080496454
00005_Sam006_Basics_006_sub_rate_16,1.22358156
00006_Chantal004_Basics_0015_cn_sigma_20,3.439007092
00006_Chantal004_Basics_0015_cn_sigma_40,2.315425532
00006_Chantal004_Basics_0015_cn_sigma_60,2.257092199
00006_Chantal004_Basics_0015_cn_sigma_80,1.394148936
00006_Chantal004_Basics_0015_gn_sigma_0.05,3.581914894
00006_Chantal004_Basics_0015_gn_sigma_0.10,2.357092199
00006_Chantal004_Basics_0015_gn_sigma_0.15,1.82251773
00006_Chantal004_Basics_0015_gn_sigma_0.20,1.867375887
00006_Chantal004_Basics_0015_jpeg_q_03,1.544148936
00006_Chantal004_Basics_0015_jpeg_q_10,3.090602837
00006_Chantal004_Basics_0015_jpeg_q_15,3.838297872
00006_Chantal004_Basics_0015_jpeg_q_20,3.910460993
00006_Chantal004_Basics_0015_qp_level_6,1.514007092
00006_Chantal004_Basics_0015_qp_level_7,1.383510638
00006_Chantal004_Basics_0015_qp_level_8,0.860815603
00006_Chantal004_Basics_0015_qp_level_9,0.728723404
00006_Chantal004_Basics_0015_qt_level_6,0.816489362
00006_Chantal004_Basics_0015_qt_level_7,0.341312057
00006_Chantal004_Basics_0015_qt_level_8,0.456028369
00006_Chantal004_Basics_0015_qt_level_9,0.940602837
00006_Chantal004_Basics_0015_simp_rate_0.05,2.677771872
00006_Chantal004_Basics_0015_simp_rate_0.10,3.281646001
00006_Chantal004_Basics_0015_simp_rate_0.20,3.565727428
00006_Chantal004_Basics_0015_simp_rate_0.40,4.157703757
00006_Chantal004_Basics_0015_sub_rate_02,4.47570922
00006_Chantal004_Basics_0015_sub_rate_04,3.165957447
00006_Chantal004_Basics_0015_sub_rate_08,2.365425532
00006_Chantal004_Basics_0015_sub_rate_16,1.899113475
00006_Chantalbos005_Basics_004_cn_sigma_20,2.690070922
00006_Chantalbos005_Basics_004_cn_sigma_40,1.92606383
00006_Chantalbos005_Basics_004_cn_sigma_60,1.266843972
00006_Chantalbos005_Basics_004_cn_sigma_80,1.546985816
00006_Chantalbos005_Basics_004_gn_sigma_0.05,2.721099291
00006_Chantalbos005_Basics_004_gn_sigma_0.10,2.07251773
00006_Chantalbos005_Basics_004_gn_sigma_0.15,1.671631206
00006_Chantalbos005_Basics_004_gn_sigma_0.20,1.658156028
00006_Chantalbos005_Basics_004_jpeg_q_03,1.34929078
00006_Chantalbos005_Basics_004_jpeg_q_10,2.430141844
00006_Chantalbos005_Basics_004_jpeg_q_15,3.05
00006_Chantalbos005_Basics_004_jpeg_q_20,3.226241135
00006_Chantalbos005_Basics_004_qp_level_6,0.794148936
00006_Chantalbos005_Basics_004_qp_level_7,1.524468085
00006_Chantalbos005_Basics_004_qp_level_8,2.920390071
00006_Chantalbos005_Basics_004_qp_level_9,4.000531915
00006_Chantalbos005_Basics_004_qt_level_6,1.478014184
00006_Chantalbos005_Basics_004_qt_level_7,2.245212766
00006_Chantalbos005_Basics_004_qt_level_8,2.854078014
00006_Chantalbos005_Basics_004_qt_level_9,3.553723404
00006_Chantalbos005_Basics_004_simp_rate_0.05,2.898155807
00006_Chantalbos005_Basics_004_simp_rate_0.10,3.433984634
00006_Chantalbos005_Basics_004_simp_rate_0.20,3.41207821
00006_Chantalbos005_Basics_004_simp_rate_0.40,3.599942338
00006_Chantalbos005_Basics_004_sub_rate_02,3.353368794
00006_Chantalbos005_Basics_004_sub_rate_04,3.379078014
00006_Chantalbos005_Basics_004_sub_rate_08,2.258687943
00006_Chantalbos005_Basics_004_sub_rate_16,1.760992908
00015_Charlotte004_Basics_007_cn_sigma_20,2.493617021
00015_Charlotte004_Basics_007_cn_sigma_40,1.828014184
00015_Charlotte004_Basics_007_cn_sigma_60,1.285460993
00015_Charlotte004_Basics_007_cn_sigma_80,1.27429078
00015_Charlotte004_Basics_007_gn_sigma_0.05,3.564539007
00015_Charlotte004_Basics_007_gn_sigma_0.10,2.293971631
00015_Charlotte004_Basics_007_gn_sigma_0.15,1.928900709
00015_Charlotte004_Basics_007_gn_sigma_0.20,1.450177305
00015_Charlotte004_Basics_007_jpeg_q_03,0.854787234
00015_Charlotte004_Basics_007_jpeg_q_10,2.740780142
00015_Charlotte004_Basics_007_jpeg_q_15,2.715425532
00015_Charlotte004_Basics_007_jpeg_q_20,3.116312057
00015_Charlotte004_Basics_007_qp_level_6,0.904964539
00015_Charlotte004_Basics_007_qp_level_7,1.917375887
00015_Charlotte004_Basics_007_qp_level_8,2.488120567
00015_Charlotte004_Basics_007_qp_level_9,3.74822695
00015_Charlotte004_Basics_007_qt_level_6,2.004255319
00015_Charlotte004_Basics_007_qt_level_7,2.142730496
00015_Charlotte004_Basics_007_qt_level_8,3.094503546
00015_Charlotte004_Basics_007_qt_level_9,3.492198582
00015_Charlotte004_Basics_007_simp_rate_0.05,3.317564247
00015_Charlotte004_Basics_007_simp_rate_0.10,3.190175583
00015_Charlotte004_Basics_007_simp_rate_0.20,3.334925472
00015_Charlotte004_Basics_007_simp_rate_0.40,3.549812156
00015_Charlotte004_Basics_007_sub_rate_02,2.813475177
00015_Charlotte004_Basics_007_sub_rate_04,3.621631206
00015_Charlotte004_Basics_007_sub_rate_08,2.102304965
00015_Charlotte004_Basics_007_sub_rate_16,2.066666667
00015_Charlotte009_Basics_0011_cn_sigma_20,3.213652482
00015_Charlotte009_Basics_0011_cn_sigma_40,2.213475177
00015_Charlotte009_Basics_0011_cn_sigma_60,1.989539007
00015_Charlotte009_Basics_0011_cn_sigma_80,1.678368794
00015_Charlotte009_Basics_0011_gn_sigma_0.05,3.813297872
00015_Charlotte009_Basics_0011_gn_sigma_0.10,2.330141844
00015_Charlotte009_Basics_0011_gn_sigma_0.15,2.002304965
00015_Charlotte009_Basics_0011_gn_sigma_0.20,1.962588652
00015_Charlotte009_Basics_0011_jpeg_q_03,1.504078014
00015_Charlotte009_Basics_0011_jpeg_q_10,2.973049645
00015_Charlotte009_Basics_0011_jpeg_q_15,4.180851064
00015_Charlotte009_Basics_0011_jpeg_q_20,3.645035461
00015_Charlotte009_Basics_0011_qp_level_6,1.228368794
00015_Charlotte009_Basics_0011_qp_level_7,2.062588652
00015_Charlotte009_Basics_0011_qp_level_8,3.445744681
00015_Charlotte009_Basics_0011_qp_level_9,3.60141844
00015_Charlotte009_Basics_0011_qt_level_6,1.638297872
00015_Charlotte009_Basics_0011_qt_level_7,3.186170213
00015_Charlotte009_Basics_0011_qt_level_8,3.893085106
00015_Charlotte009_Basics_0011_qt_level_9,4.121631206
00015_Charlotte009_Basics_0011_simp_rate_0.05,3.337199943
00015_Charlotte009_Basics_0011_simp_rate_0.10,3.22574319
00015_Charlotte009_Basics_0011_simp_rate_0.20,3.436010366
00015_Charlotte009_Basics_0011_simp_rate_0.40,3.875622238
00015_Charlotte009_Basics_0011_sub_rate_02,3.787588652
00015_Charlotte009_Basics_0011_sub_rate_04,3.42641844
00015_Charlotte009_Basics_0011_sub_rate_08,2.915957447
00015_Charlotte009_Basics_0011_sub_rate_16,2.087234043
00018_Stephan005_Basics_0016_cn_sigma_20,3.303723404
00018_Stephan005_Basics_0016_cn_sigma_40,2.557092199
00018_Stephan005_Basics_0016_cn_sigma_60,1.761702128
00018_Stephan005_Basics_0016_cn_sigma_80,1.932446809
00018_Stephan005_Basics_0016_gn_sigma_0.05,2.79929078
00018_Stephan005_Basics_0016_gn_sigma_0.10,2.72429078
00018_Stephan005_Basics_0016_gn_sigma_0.15,1.804255319
00018_Stephan005_Basics_0016_gn_sigma_0.20,1.834397163
00018_Stephan005_Basics_0016_jpeg_q_03,2.132446809
00018_Stephan005_Basics_0016_jpeg_q_10,4.274113475
00018_Stephan005_Basics_0016_jpeg_q_15,4.560638298
00018_Stephan005_Basics_0016_jpeg_q_20,3.74787234
00018_Stephan005_Basics_0016_qp_level_6,0.806028369
00018_Stephan005_Basics_0016_qp_level_7,1.196276596
00018_Stephan005_Basics_0016_qp_level_8,1.09858156
00018_Stephan005_Basics_0016_qp_level_9,1.04929078
00018_Stephan005_Basics_0016_qt_level_6,0.186170213
00018_Stephan005_Basics_0016_qt_level_7,0.426241135
00018_Stephan005_Basics_0016_qt_level_8,0.820390071
00018_Stephan005_Basics_0016_qt_level_9,0.644503546
00018_Stephan005_Basics_0016_simp_rate_0.05,3.013700109
00018_Stephan005_Basics_0016_simp_rate_0.10,2.909897232
00018_Stephan005_Basics_0016_simp_rate_0.20,3.375493539
00018_Stephan005_Basics_0016_simp_rate_0.40,3.855743084
00018_Stephan005_Basics_0016_sub_rate_02,4.103014184
00018_Stephan005_Basics_0016_sub_rate_04,3.762943262
00018_Stephan005_Basics_0016_sub_rate_08,3.272695035
00018_Stephan005_Basics_0016_sub_rate_16,1.784751773
00019_Siska003_Basics_006_cn_sigma_20,2.82748227
00019_Siska003_Basics_006_cn_sigma_40,2.00070922
00019_Siska003_Basics_006_cn_sigma_60,1.52712766
00019_Siska003_Basics_006_cn_sigma_80,1.232269504
00019_Siska003_Basics_006_gn_sigma_0.05,3.580673759
00019_Siska003_Basics_006_gn_sigma_0.10,2.12535461
00019_Siska003_Basics_006_gn_sigma_0.15,2.066666667
00019_Siska003_Basics_006_gn_sigma_0.20,1.293085106
00019_Siska003_Basics_006_jpeg_q_03,1.087056738
00019_Siska003_Basics_006_jpeg_q_10,2.883687943
00019_Siska003_Basics_006_jpeg_q_15,3.278191489
00019_Siska003_Basics_006_jpeg_q_20,3.771985816
00019_Siska003_Basics_006_qp_level_6,0.97393617
00019_Siska003_Basics_006_qp_level_7,1.549468085
00019_Siska003_Basics_006_qp_level_8,2.964361702
00019_Siska003_Basics_006_qp_level_9,3.446985816
00019_Siska003_Basics_006_qt_level_6,1.635992908
00019_Siska003_Basics_006_qt_level_7,2.52251773
00019_Siska003_Basics_006_qt_level_8,3.510106383
00019_Siska003_Basics_006_qt_level_9,4.112588652
00019_Siska003_Basics_006_simp_rate_0.05,3.29471676
00019_Siska003_Basics_006_simp_rate_0.10,3.354269635
00019_Siska003_Basics_006_simp_rate_0.20,3.374099249
00019_Siska003_Basics_006_simp_rate_0.40,3.676157544
00019_Siska003_Basics_006_sub_rate_02,4.036347518
00019_Siska003_Basics_006_sub_rate_04,2.947695035
00019_Siska003_Basics_006_sub_rate_08,1.957092199
00019_Siska003_Basics_006_sub_rate_16,1.355673759
00019_Siska004_Basics_0011_cn_sigma_20,2.384042553
00019_Siska004_Basics_0011_cn_sigma_40,2.253900709
00019_Siska004_Basics_0011_cn_sigma_60,1.480319149
00019_Siska004_Basics_0011_cn_sigma_80,1.436702128
00019_Siska004_Basics_0011_gn_sigma_0.05,3.500177305
00019_Siska004_Basics_0011_gn_sigma_0.10,2.416666667
00019_Siska004_Basics_0011_gn_sigma_0.15,1.898404255
00019_Siska004_Basics_0011_gn_sigma_0.20,1.562943262
00019_Siska004_Basics_0011_jpeg_q_03,0.862765957
00019_Siska004_Basics_0011_jpeg_q_10,2.314184397
00019_Siska004_Basics_0011_jpeg_q_15,2.669858156
00019_Siska004_Basics_0011_jpeg_q_20,3.493794326
00019_Siska004_Basics_0011_qp_level_6,1.008156028
00019_Siska004_Basics_0011_qp_level_7,1.60141844
00019_Siska004_Basics_0011_qp_level_8,2.786170213
00019_Siska004_Basics_0011_qp_level_9,3.683156028
00019_Siska004_Basics_0011_qt_level_6,1.935992908
00019_Siska004_Basics_0011_qt_level_7,2.404787234
00019_Siska004_Basics_0011_qt_level_8,3.449822695
00019_Siska004_Basics_0011_qt_level_9,4.05106383
00019_Siska004_Basics_0011_simp_rate_0.05,3.276122726
00019_Siska004_Basics_0011_simp_rate_0.10,3.31401551
00019_Siska004_Basics_0011_simp_rate_0.20,3.523246303
00019_Siska004_Basics_0011_simp_rate_0.40,4.198455736
00019_Siska004_Basics_0011_sub_rate_02,3.054964539
00019_Siska004_Basics_0011_sub_rate_04,2.904787234
00019_Siska004_Basics_0011_sub_rate_08,2.342021277
00019_Siska004_Basics_0011_sub_rate_16,1.689539007
00021_Yvonne009_Basics_0011_cn_sigma_20,2.619858156
00021_Yvonne009_Basics_0011_cn_sigma_40,2.012234043
00021_Yvonne009_Basics_0011_cn_sigma_60,2.092021277
00021_Yvonne009_Basics_0011_cn_sigma_80,1.560106383
00021_Yvonne009_Basics_0011_gn_sigma_0.05,3.453723404
00021_Yvonne009_Basics_0011_gn_sigma_0.10,2.242375887
00021_Yvonne009_Basics_0011_gn_sigma_0.15,1.594326241
00021_Yvonne009_Basics_0011_gn_sigma_0.20,1.491489362
00021_Yvonne009_Basics_0011_jpeg_q_03,0.856028369
00021_Yvonne009_Basics_0011_jpeg_q_10,2.273049645
00021_Yvonne009_Basics_0011_jpeg_q_15,3.788297872
00021_Yvonne009_Basics_0011_jpeg_q_20,3.558865248
00021_Yvonne009_Basics_0011_qp_level_6,1.216843972
00021_Yvonne009_Basics_0011_qp_level_7,2.080851064
00021_Yvonne009_Basics_0011_qp_level_8,2.901241135
00021_Yvonne009_Basics_0011_qp_level_9,4.22606383
00021_Yvonne009_Basics_0011_qt_level_6,1.258865248
00021_Yvonne009_Basics_0011_qt_level_7,2.002304965
00021_Yvonne009_Basics_0011_qt_level_8,3.858156028
00021_Yvonne009_Basics_0011_qt_level_9,4.066134752
00021_Yvonne009_Basics_0011_simp_rate_0.05,3.224017021
00021_Yvonne009_Basics_0011_simp_rate_0.10,3.583343816
00021_Yvonne009_Basics_0011_simp_rate_0.20,3.650989501
00021_Yvonne009_Basics_0011_simp_rate_0.40,3.613072165
00021_Yvonne009_Basics_0011_sub_rate_02,4.227659574
00021_Yvonne009_Basics_0011_sub_rate_04,2.418262411
00021_Yvonne009_Basics_0011_sub_rate_08,2.040780142
00021_Yvonne009_Basics_0011_sub_rate_16,1.639184397
00021_Yvonne013_Basics_007_cn_sigma_20,3.394148936
00021_Yvonne013_Basics_007_cn_sigma_40,2.50035461
00021_Yvonne013_Basics_007_cn_sigma_60,1.678368794
00021_Yvonne013_Basics_007_cn_sigma_80,1.458510638
00021_Yvonne013_Basics_007_gn_sigma_0.05,2.692021277
00021_Yvonne013_Basics_007_gn_sigma_0.10,2.466666667
00021_Yvonne013_Basics_007_gn_sigma_0.15,1.837234043
00021_Yvonne013_Basics_007_gn_sigma_0.20,1.516843972
00021_Yvonne013_Basics_007_jpeg_q_03,1.500531915
00021_Yvonne013_Basics_007_jpeg_q_10,2.744326241
00021_Yvonne013_Basics_007_jpeg_q_15,2.917907801
00021_Yvonne013_Basics_007_jpeg_q_20,3.126595745
00021_Yvonne013_Basics_007_qp_level_6,1.078723404
00021_Yvonne013_Basics_007_qp_level_7,1.835638298
00021_Yvonne013_Basics_007_qp_level_8,2.566312057
00021_Yvonne013_Basics_007_qp_level_9,4.372163121
00021_Yvonne013_Basics_007_qt_level_6,1.957092199
00021_Yvonne013_Basics_007_qt_level_7,2.626950355
00021_Yvonne013_Basics_007_qt_level_8,3.134397163
00021_Yvonne013_Basics_007_qt_level_9,4.241134752
00021_Yvonne013_Basics_007_simp_rate_0.05,3.0944127
00021_Yvonne013_Basics_007_simp_rate_0.10,3.18721078
00021_Yvonne013_Basics_007_simp_rate_0.20,3.337335334
00021_Yvonne013_Basics_007_simp_rate_0.40,3.568576719
00021_Yvonne013_Basics_007_sub_rate_02,2.881382979
00021_Yvonne013_Basics_007_sub_rate_04,2.786170213
00021_Yvonne013_Basics_007_sub_rate_08,2.418617021
00021_Yvonne013_Basics_007_sub_rate_16,1.679609929
00024_MaartenPepijn005_Basics_006_cn_sigma_20,2.297163121
00024_MaartenPepijn005_Basics_006_cn_sigma_40,1.720921986
00024_MaartenPepijn005_Basics_006_cn_sigma_60,1.433156028
00024_MaartenPepijn005_Basics_006_cn_sigma_80,1.331914894
00024_MaartenPepijn005_Basics_006_gn_sigma_0.05,3.65212766
00024_MaartenPepijn005_Basics_006_gn_sigma_0.10,1.941134752
00024_MaartenPepijn005_Basics_006_gn_sigma_0.15,1.554964539
00024_MaartenPepijn005_Basics_006_gn_sigma_0.20,1.511702128
00024_MaartenPepijn005_Basics_006_jpeg_q_03,0.982978723
00024_MaartenPepijn005_Basics_006_jpeg_q_10,2.707092199
00024_MaartenPepijn005_Basics_006_jpeg_q_15,2.514716312
00024_MaartenPepijn005_Basics_006_jpeg_q_20,3.529078014
00024_MaartenPepijn005_Basics_006_qp_level_6,0.869148936
00024_MaartenPepijn005_Basics_006_qp_level_7,2.059042553
00024_MaartenPepijn005_Basics_006_qp_level_8,2.992553191
00024_MaartenPepijn005_Basics_006_qp_level_9,3.753014184
00024_MaartenPepijn005_Basics_006_qt_level_6,1.205319149
00024_MaartenPepijn005_Basics_006_qt_level_7,1.481914894
00024_MaartenPepijn005_Basics_006_qt_level_8,2.680851064
00024_MaartenPepijn005_Basics_006_qt_level_9,3.803368794
00024_MaartenPepijn005_Basics_006_simp_rate_0.05,2.697370069
00024_MaartenPepijn005_Basics_006_simp_rate_0.10,2.750014902
00024_MaartenPepijn005_Basics_006_simp_rate_0.20,3.092372398
00024_MaartenPepijn005_Basics_006_simp_rate_0.40,4.076977398
00024_MaartenPepijn005_Basics_006_sub_rate_02,3.405673759
00024_MaartenPepijn005_Basics_006_sub_rate_04,2.480141844
00024_MaartenPepijn005_Basics_006_sub_rate_08,1.807801418
00024_MaartenPepijn005_Basics_006_sub_rate_16,0.812411348
00029_Steven003_Basics_006_cn_sigma_20,2.959574468
00029_Steven003_Basics_006_cn_sigma_40,2.009397163
00029_Steven003_Basics_006_cn_sigma_60,1.79751773
00029_Steven003_Basics_006_cn_sigma_80,1.668085106
00029_Steven003_Basics_006_gn_sigma_0.05,3.612056738
00029_Steven003_Basics_006_gn_sigma_0.10,2.671099291
00029_Steven003_Basics_006_gn_sigma_0.15,2.235283688
00029_Steven003_Basics_006_gn_sigma_0.20,1.917375887
00029_Steven003_Basics_006_jpeg_q_03,1.515602837
00029_Steven003_Basics_006_jpeg_q_10,2.888120567
00029_Steven003_Basics_006_jpeg_q_15,3.2
00029_Steven003_Basics_006_jpeg_q_20,4.209751773
00029_Steven003_Basics_006_qp_level_6,0.821985816
00029_Steven003_Basics_006_qp_level_7,1.689184397
00029_Steven003_Basics_006_qp_level_8,2.514716312
00029_Steven003_Basics_006_qp_level_9,3.419148936
00029_Steven003_Basics_006_qt_level_6,1.37393617
00029_Steven003_Basics_006_qt_level_7,2.481737589
00029_Steven003_Basics_006_qt_level_8,2.867553191
00029_Steven003_Basics_006_qt_level_9,3.762056738
00029_Steven003_Basics_006_simp_rate_0.05,3.360618577
00029_Steven003_Basics_006_simp_rate_0.10,3.451335419
00029_Steven003_Basics_006_simp_rate_0.20,3.449755736
00029_Steven003_Basics_006_simp_rate_0.40,3.621116829
00029_Steven003_Basics_006_sub_rate_02,3.762056738
00029_Steven003_Basics_006_sub_rate_04,3.200886525
00029_Steven003_Basics_006_sub_rate_08,1.95106383
00029_Steven003_Basics_006_sub_rate_16,1.665780142
00037_Esmay001_Basics_0011_cn_sigma_20,2.87748227
00037_Esmay001_Basics_0011_cn_sigma_40,2.443617021
00037_Esmay001_Basics_0011_cn_sigma_60,1.918085106
00037_Esmay001_Basics_0011_cn_sigma_80,1.483510638
00037_Esmay001_Basics_0011_gn_sigma_0.05,2.807978723
00037_Esmay001_Basics_0011_gn_sigma_0.10,2.17606383
00037_Esmay001_Basics_0011_gn_sigma_0.15,1.803014184
00037_Esmay001_Basics_0011_gn_sigma_0.20,1.089893617
00037_Esmay001_Basics_0011_jpeg_q_03,1.162765957
00037_Esmay001_Basics_0011_jpeg_q_10,2.880141844
00037_Esmay001_Basics_0011_jpeg_q_15,3.12464539
00037_Esmay001_Basics_0011_jpeg_q_20,3.427836879
00037_Esmay001_Basics_0011_qp_level_6,1.208510638
00037_Esmay001_Basics_0011_qp_level_7,1.938829787
00037_Esmay001_Basics_0011_qp_level_8,2.856382979
00037_Esmay001_Basics_0011_qp_level_9,3.984751773
00037_Esmay001_Basics_0011_qt_level_6,0.640602837
00037_Esmay001_Basics_0011_qt_level_7,2.007801418
00037_Esmay001_Basics_0011_qt_level_8,3.096453901
00037_Esmay001_Basics_0011_qt_level_9,3.944680851
00037_Esmay001_Basics_0011_simp_rate_0.05,2.964055313
00037_Esmay001_Basics_0011_simp_rate_0.10,3.504922321
00037_Esmay001_Basics_0011_simp_rate_0.20,3.46691983
00037_Esmay001_Basics_0011_simp_rate_0.40,3.655246483
00037_Esmay001_Basics_0011_sub_rate_02,3.67641844
00037_Esmay001_Basics_0011_sub_rate_04,3.327836879
00037_Esmay001_Basics_0011_sub_rate_08,1.596276596
00037_Esmay001_Basics_0011_sub_rate_16,1.561347518
00043_Andres003_Basics_0012_cn_sigma_20,3.57393617
00043_Andres003_Basics_0012_cn_sigma_40,2.267021277
00043_Andres003_Basics_0012_cn_sigma_60,2.209397163
00043_Andres003_Basics_0012_cn_sigma_80,1.643085106
00043_Andres003_Basics_0012_gn_sigma_0.05,2.990248227
00043_Andres003_Basics_0012_gn_sigma_0.10,2.553546099
00043_Andres003_Basics_0012_gn_sigma_0.15,2.265425532
00043_Andres003_Basics_0012_gn_sigma_0.20,2.026950355
00043_Andres003_Basics_0012_jpeg_q_03,1.100531915
00043_Andres003_Basics_0012_jpeg_q_10,2.993262411
00043_Andres003_Basics_0012_jpeg_q_15,3.32748227
00043_Andres003_Basics_0012_jpeg_q_20,3.539361702
00043_Andres003_Basics_0012_qp_level_6,1.444680851
00043_Andres003_Basics_0012_qp_level_7,1.855496454
00043_Andres003_Basics_0012_qp_level_8,3.05177305
00043_Andres003_Basics_0012_qp_level_9,4.607092199
00043_Andres003_Basics_0012_qt_level_6,1.837588652
00043_Andres003_Basics_0012_qt_level_7,2.213475177
00043_Andres003_Basics_0012_qt_level_8,4.077659574
00043_Andres003_Basics_0012_qt_level_9,4.144680851
00043_Andres003_Basics_0012_simp_rate_0.05,3.205038233
00043_Andres003_Basics_0012_simp_rate_0.10,3.731894641
00043_Andres003_Basics_0012_simp_rate_0.20,3.660329941
00043_Andres003_Basics_0012_simp_rate_0.40,3.676713824
00043_Andres003_Basics_0012_sub_rate_02,4.091134752
00043_Andres003_Basics_0012_sub_rate_04,2.955673759
00043_Andres003_Basics_0012_sub_rate_08,2.87429078
00043_Andres003_Basics_0012_sub_rate_16,1.704255319
00043_Andres005_Basics_005_cn_sigma_20,2.325
00043_Andres005_Basics_005_cn_sigma_40,2.430496454
00043_Andres005_Basics_005_cn_sigma_60,1.390602837
00043_Andres005_Basics_005_cn_sigma_80,1.558510638
00043_Andres005_Basics_005_gn_sigma_0.05,3.753014184
00043_Andres005_Basics_005_gn_sigma_0.10,2.790070922
00043_Andres005_Basics_005_gn_sigma_0.15,2.005141844
00043_Andres005_Basics_005_gn_sigma_0.20,1.550177305
00043_Andres005_Basics_005_jpeg_q_03,1.635460993
00043_Andres005_Basics_005_jpeg_q_10,2.572163121
00043_Andres005_Basics_005_jpeg_q_15,2.741666667
00043_Andres005_Basics_005_jpeg_q_20,2.263475177
00043_Andres005_Basics_005_qp_level_6,1.09858156
00043_Andres005_Basics_005_qp_level_7,1.629964539
00043_Andres005_Basics_005_qp_level_8,2.140425532
00043_Andres005_Basics_005_qp_level_9,3.868085106
00043_Andres005_Basics_005_qt_level_6,1.941843972
00043_Andres005_Basics_005_qt_level_7,1.912588652
00043_Andres005_Basics_005_qt_level_8,2.814361702
00043_Andres005_Basics_005_qt_level_9,3.864539007
00043_Andres005_Basics_005_simp_rate_0.05,3.244109627
00043_Andres005_Basics_005_simp_rate_0.10,3.410243604
00043_Andres005_Basics_005_simp_rate_0.20,3.707211424
00043_Andres005_Basics_005_simp_rate_0.40,4.040381951
00043_Andres005_Basics_005_sub_rate_02,3.151241135
00043_Andres005_Basics_005_sub_rate_04,2.763475177
00043_Andres005_Basics_005_sub_rate_08,2.328546099
00043_Andres005_Basics_005_sub_rate_16,1.656205674
00048_PaBisschop012_Basics_0012_cn_sigma_20,2.440957447
00048_PaBisschop012_Basics_0012_cn_sigma_40,2.045567376
00048_PaBisschop012_Basics_0012_cn_sigma_60,1.754255319
00048_PaBisschop012_Basics_0012_cn_sigma_80,0.925531915
00048_PaBisschop012_Basics_0012_gn_sigma_0.05,3.937943262
00048_PaBisschop012_Basics_0012_gn_sigma_0.10,2.245212766
00048_PaBisschop012_Basics_0012_gn_sigma_0.15,2.082801418
00048_PaBisschop012_Basics_0012_gn_sigma_0.20,1.664893617
00048_PaBisschop012_Basics_0012_jpeg_q_03,1.217553191
00048_PaBisschop012_Basics_0012_jpeg_q_10,2.915425532
00048_PaBisschop012_Basics_0012_jpeg_q_15,3.295035461
00048_PaBisschop012_Basics_0012_jpeg_q_20,3.364716312
00048_PaBisschop012_Basics_0012_qp_level_6,1.010460993
00048_PaBisschop012_Basics_0012_qp_level_7,1.784397163
00048_PaBisschop012_Basics_0012_qp_level_8,3.936702128
00048_PaBisschop012_Basics_0012_qp_level_9,4.024468085
00048_PaBisschop012_Basics_0012_qt_level_6,1.570035461
00048_PaBisschop012_Basics_0012_qt_level_7,2.049113475
00048_PaBisschop012_Basics_0012_qt_level_8,3.604078014
00048_PaBisschop012_Basics_0012_qt_level_9,3.879609929
00048_PaBisschop012_Basics_0012_simp_rate_0.05,2.832072042
00048_PaBisschop012_Basics_0012_simp_rate_0.10,3.549119578
00048_PaBisschop012_Basics_0012_simp_rate_0.20,3.761549335
00048_PaBisschop012_Basics_0012_simp_rate_0.40,4.027410289
00048_PaBisschop012_Basics_0012_sub_rate_02,4.505851064
00048_PaBisschop012_Basics_0012_sub_rate_04,2.720212766
00048_PaBisschop012_Basics_0012_sub_rate_08,1.759751773
00048_PaBisschop012_Basics_0012_sub_rate_16,1.32358156
00048_PaBsschop_Basics_005_cn_sigma_20,2.942553191
00048_PaBsschop_Basics_005_cn_sigma_40,1.990425532
00048_PaBsschop_Basics_005_cn_sigma_60,1.32393617
00048_PaBsschop_Basics_005_cn_sigma_80,1.296631206
00048_PaBsschop_Basics_005_gn_sigma_0.05,3.228723404
00048_PaBsschop_Basics_005_gn_sigma_0.10,1.99751773
00048_PaBsschop_Basics_005_gn_sigma_0.15,1.736347518
00048_PaBsschop_Basics_005_gn_sigma_0.20,1.639539007
00048_PaBsschop_Basics_005_jpeg_q_03,1.25248227
00048_PaBsschop_Basics_005_jpeg_q_10,1.996985816
00048_PaBsschop_Basics_005_jpeg_q_15,2.990425532
00048_PaBsschop_Basics_005_jpeg_q_20,2.821453901
00048_PaBsschop_Basics_005_qp_level_6,0.634219858
00048_PaBsschop_Basics_005_qp_level_7,1.399822695
00048_PaBsschop_Basics_005_qp_level_8,2.284929078
00048_PaBsschop_Basics_005_qp_level_9,2.427304965
00048_PaBsschop_Basics_005_qt_level_6,1.381560284
00048_PaBsschop_Basics_005_qt_level_7,2.09751773
00048_PaBsschop_Basics_005_qt_level_8,2.617021277
00048_PaBsschop_Basics_005_qt_level_9,3.706914894
00048_PaBsschop_Basics_005_simp_rate_0.05,2.705832099
00048_PaBsschop_Basics_005_simp_rate_0.10,3.271692469
00048_PaBsschop_Basics_005_simp_rate_0.20,3.563844392
00048_PaBsschop_Basics_005_simp_rate_0.40,3.514601999
00048_PaBsschop_Basics_005_sub_rate_02,3.611702128
00048_PaBsschop_Basics_005_sub_rate_04,2.311524823
00048_PaBsschop_Basics_005_sub_rate_08,2.092375887
00048_PaBsschop_Basics_005_sub_rate_16,1.539539007
00049_PaulJan007_Basics_005_cn_sigma_20,3.571631206
00049_PaulJan007_Basics_005_cn_sigma_40,2.072163121
00049_PaulJan007_Basics_005_cn_sigma_60,1.57287234
00049_PaulJan007_Basics_005_cn_sigma_80,1.346985816
00049_PaulJan007_Basics_005_gn_sigma_0.05,3.32393617
00049_PaulJan007_Basics_005_gn_sigma_0.10,3.022695035
00049_PaulJan007_Basics_005_gn_sigma_0.15,1.85070922
00049_PaulJan007_Basics_005_gn_sigma_0.20,1.555851064
00049_PaulJan007_Basics_005_jpeg_q_03,1.137765957
00049_PaulJan007_Basics_005_jpeg_q_10,2.639539007
00049_PaulJan007_Basics_005_jpeg_q_15,3.001595745
00049_PaulJan007_Basics_005_jpeg_q_20,3.089007092
00049_PaulJan007_Basics_005_qp_level_6,0.97393617
00049_PaulJan007_Basics_005_qp_level_7,1.881382979
00049_PaulJan007_Basics_005_qp_level_8,3.034574468
00049_PaulJan007_Basics_005_qp_level_9,3.733510638
00049_PaulJan007_Basics_005_qt_level_6,1.793971631
00049_PaulJan007_Basics_005_qt_level_7,3.035815603
00049_PaulJan007_Basics_005_qt_level_8,3.384219858
00049_PaulJan007_Basics_005_qt_level_9,4.443971631
00049_PaulJan007_Basics_005_simp_rate_0.05,3.213716563
00049_PaulJan007_Basics_005_simp_rate_0.10,3.163112111
00049_PaulJan007_Basics_005_simp_rate_0.20,3.29713153
00049_PaulJan007_Basics_005_simp_rate_0.40,3.637571635
00049_PaulJan007_Basics_005_sub_rate_02,3.059574468
00049_PaulJan007_Basics_005_sub_rate_04,2.446453901
00049_PaulJan007_Basics_005_sub_rate_08,1.935992908
00049_PaulJan007_Basics_005_sub_rate_16,1.228014184
00050_PaulJan012_Basics_0016_cn_sigma_20,3.87287234
00050_PaulJan012_Basics_0016_cn_sigma_40,3.047695035
00050_PaulJan012_Basics_0016_cn_sigma_60,1.927659574
00050_PaulJan012_Basics_0016_cn_sigma_80,1.919326241
00050_PaulJan012_Basics_0016_gn_sigma_0.05,3.82322695
00050_PaulJan012_Basics_0016_gn_sigma_0.10,3.064361702
00050_PaulJan012_Basics_0016_gn_sigma_0.15,2.413475177
00050_PaulJan012_Basics_0016_gn_sigma_0.20,2.083687943
00050_PaulJan012_Basics_0016_jpeg_q_03,1.694680851
00050_PaulJan012_Basics_0016_jpeg_q_10,3.543794326
00050_PaulJan012_Basics_0016_jpeg_q_15,4.281205674
00050_PaulJan012_Basics_0016_jpeg_q_20,4.087943262
00050_PaulJan012_Basics_0016_qp_level_6,0.870744681
00050_PaulJan012_Basics_0016_qp_level_7,0.77393617
00050_PaulJan012_Basics_0016_qp_level_8,0.743794326
00050_PaulJan012_Basics_0016_qp_level_9,0.658865248
00050_PaulJan012_Basics_0016_qt_level_6,0.257978723
00050_PaulJan012_Basics_0016_qt_level_7,0.411170213
00050_PaulJan012_Basics_0016_qt_level_8,0.729078014
00050_PaulJan012_Basics_0016_qt_level_9,0.59929078
00050_PaulJan012_Basics_0016_simp_rate_0.05,3.191042164
00050_PaulJan012_Basics_0016_simp_rate_0.10,3.408707857
00050_PaulJan012_Basics_0016_simp_rate_0.20,3.862982909
00050_PaulJan012_Basics_0016_simp_rate_0.40,4.003243646
00050_PaulJan012_Basics_0016_sub_rate_02,4.276950355
00050_PaulJan012_Basics_0016_sub_rate_04,2.940602837
00050_PaulJan012_Basics_0016_sub_rate_08,2.681737589
00050_PaulJan012_Basics_0016_sub_rate_16,1.794680851
00051_Linda005_Basics_0011_cn_sigma_20,2.652836879
00051_Linda005_Basics_0011_cn_sigma_40,2.118971631
00051_Linda005_Basics_0011_cn_sigma_60,2.263475177
00051_Linda005_Basics_0011_cn_sigma_80,1.696276596
00051_Linda005_Basics_0011_gn_sigma_0.05,3.358510638
00051_Linda005_Basics_0011_gn_sigma_0.10,2.263475177
00051_Linda005_Basics_0011_gn_sigma_0.15,1.785992908
00051_Linda005_Basics_0011_gn_sigma_0.20,1.62322695
00051_Linda005_Basics_0011_jpeg_q_03,1.454078014
00051_Linda005_Basics_0011_jpeg_q_10,3.337411348
00051_Linda005_Basics_0011_jpeg_q_15,3.278723404
00051_Linda005_Basics_0011_jpeg_q_20,4.018085106
00051_Linda005_Basics_0011_qp_level_6,1.183510638
00051_Linda005_Basics_0011_qp_level_7,2.457092199
00051_Linda005_Basics_0011_qp_level_8,3.136170213
00051_Linda005_Basics_0011_qp_level_9,3.911702128
00051_Linda005_Basics_0011_qt_level_6,1.289539007
00051_Linda005_Basics_0011_qt_level_7,1.812588652
00051_Linda005_Basics_0011_qt_level_8,3.031914894
00051_Linda005_Basics_0011_qt_level_9,4.071276596
00051_Linda005_Basics_0011_simp_rate_0.05,3.123362501
00051_Linda005_Basics_0011_simp_rate_0.10,3.834613184
00051_Linda005_Basics_0011_simp_rate_0.20,4.039171682
00051_Linda005_Basics_0011_simp_rate_0.40,4.164216291
00051_Linda005_Basics_0011_sub_rate_02,4.357801418
00051_Linda005_Basics_0011_sub_rate_04,3.106028369
00051_Linda005_Basics_0011_sub_rate_08,2.361879433
00051_Linda005_Basics_0011_sub_rate_16,1.331560284
00057_Jeffrey006_Basics_0012_cn_sigma_20,4.062943262
00057_Jeffrey006_Basics_0012_cn_sigma_40,1.906205674
00057_Jeffrey006_Basics_0012_cn_sigma_60,2.109042553
00057_Jeffrey006_Basics_0012_cn_sigma_80,1.754255319
00057_Jeffrey006_Basics_0012_gn_sigma_0.05,3.762056738
00057_Jeffrey006_Basics_0012_gn_sigma_0.10,2.093971631
00057_Jeffrey006_Basics_0012_gn_sigma_0.15,1.868971631
00057_Jeffrey006_Basics_0012_gn_sigma_0.20,1.593085106
00057_Jeffrey006_Basics_0012_jpeg_q_03,1.555319149
00057_Jeffrey006_Basics_0012_jpeg_q_10,3.117553191
00057_Jeffrey006_Basics_0012_jpeg_q_15,4.316134752
00057_Jeffrey006_Basics_0012_jpeg_q_20,4.513829787
00057_Jeffrey006_Basics_0012_qp_level_6,0.87748227
00057_Jeffrey006_Basics_0012_qp_level_7,1.792375887
00057_Jeffrey006_Basics_0012_qp_level_8,2.110992908
00057_Jeffrey006_Basics_0012_qp_level_9,1.766489362
00057_Jeffrey006_Basics_0012_qt_level_6,0.522695035
00057_Jeffrey006_Basics_0012_qt_level_7,0.954078014
00057_Jeffrey006_Basics_0012_qt_level_8,1.162411348
00057_Jeffrey006_Basics_0012_qt_level_9,1.193439716
00057_Jeffrey006_Basics_0012_simp_rate_0.05,2.957647993
00057_Jeffrey006_Basics_0012_simp_rate_0.10,3.244364337
00057_Jeffrey006_Basics_0012_simp_rate_0.20,3.423302764
00057_Jeffrey006_Basics_0012_simp_rate_0.40,4.058234043
00057_Jeffrey006_Basics_0012_sub_rate_02,4.30106383
00057_Jeffrey006_Basics_0012_sub_rate_04,3.757801418
00057_Jeffrey006_Basics_0012_sub_rate_08,1.94751773
00057_Jeffrey006_Basics_0012_sub_rate_16,1.714893617
00057_Jeffrey009_Basics_0016_cn_sigma_20,2.589716312
00057_Jeffrey009_Basics_0016_cn_sigma_40,2.509929078
00057_Jeffrey009_Basics_0016_cn_sigma_60,2.20035461
00057_Jeffrey009_Basics_0016_cn_sigma_80,2.005851064
00057_Jeffrey009_Basics_0016_gn_sigma_0.05,3.367198582
00057_Jeffrey009_Basics_0016_gn_sigma_0.10,2.656737589
00057_Jeffrey009_Basics_0016_gn_sigma_0.15,2.281737589
00057_Jeffrey009_Basics_0016_gn_sigma_0.20,1.944326241
00057_Jeffrey009_Basics_0016_jpeg_q_03,1.600531915
00057_Jeffrey009_Basics_0016_jpeg_q_10,3.718085106
00057_Jeffrey009_Basics_0016_jpeg_q_15,4.134751773
00057_Jeffrey009_Basics_0016_jpeg_q_20,4.385992908
00057_Jeffrey009_Basics_0016_qp_level_6,0.15
00057_Jeffrey009_Basics_0016_qp_level_7,0.970390071
00057_Jeffrey009_Basics_0016_qp_level_8,0.871985816
00057_Jeffrey009_Basics_0016_qp_level_9,0.990248227
00057_Jeffrey009_Basics_0016_qt_level_6,0.327836879
00057_Jeffrey009_Basics_0016_qt_level_7,0.712411348
00057_Jeffrey009_Basics_0016_qt_level_8,0.682269504
00057_Jeffrey009_Basics_0016_qt_level_9,0.850531915
00057_Jeffrey009_Basics_0016_simp_rate_0.05,3.038890041
00057_Jeffrey009_Basics_0016_simp_rate_0.10,3.149758353
00057_Jeffrey009_Basics_0016_simp_rate_0.20,3.342140791
00057_Jeffrey009_Basics_0016_simp_rate_0.40,3.810866502
00057_Jeffrey009_Basics_0016_sub_rate_02,3.834751773
00057_Jeffrey009_Basics_0016_sub_rate_04,3.868439716
00057_Jeffrey009_Basics_0016_sub_rate_08,2.263829787
00057_Jeffrey009_Basics_0016_sub_rate_16,1.719326241
00060_Karen012_Basics_0015_cn_sigma_20,3.240602837
00060_Karen012_Basics_0015_cn_sigma_40,1.97251773
00060_Karen012_Basics_0015_cn_sigma_60,2.020921986
00060_Karen012_Basics_0015_cn_sigma_80,1.728368794
00060_Karen012_Basics_0015_gn_sigma_0.05,3.37358156
00060_Karen012_Basics_0015_gn_sigma_0.10,3.00212766
00060_Karen012_Basics_0015_gn_sigma_0.15,1.731205674
00060_Karen012_Basics_0015_gn_sigma_0.20,1.37641844
00060_Karen012_Basics_0015_jpeg_q_03,1.260106383
00060_Karen012_Basics_0015_jpeg_q_10,3.209574468
00060_Karen012_Basics_0015_jpeg_q_15,4.502659574
00060_Karen012_Basics_0015_jpeg_q_20,4.597163121
00060_Karen012_Basics_0015_qp_level_6,0.860460993
00060_Karen012_Basics_0015_qp_level_7,0.65212766
00060_Karen012_Basics_0015_qp_level_8,1.208510638
00060_Karen012_Basics_0015_qp_level_9,1.283510638
00060_Karen012_Basics_0015_qt_level_6,0.286170213
00060_Karen012_Basics_0015_qt_level_7,0.833510638
00060_Karen012_Basics_0015_qt_level_8,0.720744681
00060_Karen012_Basics_0015_qt_level_9,1.12358156
00060_Karen012_Basics_0015_simp_rate_0.05,3.057056757
00060_Karen012_Basics_0015_simp_rate_0.10,3.018108828
00060_Karen012_Basics_0015_simp_rate_0.20,4.048699296
00060_Karen012_Basics_0015_simp_rate_0.40,4.173823941
00060_Karen012_Basics_0015_sub_rate_02,4.124468085
00060_Karen012_Basics_0015_sub_rate_04,3.27429078
00060_Karen012_Basics_0015_sub_rate_08,2.02535461
00060_Karen012_Basics_0015_sub_rate_16,1.57677305
00069_Gabriela005_Basics_004_cn_sigma_20,2.858333333
00069_Gabriela005_Basics_004_cn_sigma_40,2.032446809
00069_Gabriela005_Basics_004_cn_sigma_60,1.920921986
00069_Gabriela005_Basics_004_cn_sigma_80,1.370035461
00069_Gabriela005_Basics_004_gn_sigma_0.05,3.62641844
00069_Gabriela005_Basics_004_gn_sigma_0.10,2.190070922
00069_Gabriela005_Basics_004_gn_sigma_0.15,2.026950355
00069_Gabriela005_Basics_004_gn_sigma_0.20,1.820921986
00069_Gabriela005_Basics_004_jpeg_q_03,1.618439716
00069_Gabriela005_Basics_004_jpeg_q_10,2.302304965
00069_Gabriela005_Basics_004_jpeg_q_15,3.421453901
00069_Gabriela005_Basics_004_jpeg_q_20,3.403723404
00069_Gabriela005_Basics_004_qp_level_6,0.647695035
00069_Gabriela005_Basics_004_qp_level_7,1.350177305
00069_Gabriela005_Basics_004_qp_level_8,2.084042553
00069_Gabriela005_Basics_004_qp_level_9,3.325531915
00069_Gabriela005_Basics_004_qt_level_6,1.735106383
00069_Gabriela005_Basics_004_qt_level_7,1.866489362
00069_Gabriela005_Basics_004_qt_level_8,3.094148936
00069_Gabriela005_Basics_004_qt_level_9,3.342198582
00069_Gabriela005_Basics_004_simp_rate_0.05,3.521406535
00069_Gabriela005_Basics_004_simp_rate_0.10,3.611092054
00069_Gabriela005_Basics_004_simp_rate_0.20,4.030893222
00069_Gabriela005_Basics_004_simp_rate_0.40,4.11649192
00069_Gabriela005_Basics_004_sub_rate_02,3.919326241
00069_Gabriela005_Basics_004_sub_rate_04,3.264361702
00069_Gabriela005_Basics_004_sub_rate_08,2.255496454
00069_Gabriela005_Basics_004_sub_rate_16,2.017375887
00072_Darion004_Basics_007_cn_sigma_20,2.769503546
00072_Darion004_Basics_007_cn_sigma_40,2.154609929
00072_Darion004_Basics_007_cn_sigma_60,2.02251773
00072_Darion004_Basics_007_cn_sigma_80,1.388652482
00072_Darion004_Basics_007_gn_sigma_0.05,3.132978723
00072_Darion004_Basics_007_gn_sigma_0.10,2.269858156
00072_Darion004_Basics_007_gn_sigma_0.15,2.763475177
00072_Darion004_Basics_007_gn_sigma_0.20,1.954609929
00072_Darion004_Basics_007_jpeg_q_03,1.520035461
00072_Darion004_Basics_007_jpeg_q_10,2.866666667
00072_Darion004_Basics_007_jpeg_q_15,4.084751773
00072_Darion004_Basics_007_jpeg_q_20,3.620035461
00072_Darion004_Basics_007_qp_level_6,1.105319149
00072_Darion004_Basics_007_qp_level_7,1.923758865
00072_Darion004_Basics_007_qp_level_8,2.682092199
00072_Darion004_Basics_007_qp_level_9,3.475531915
00072_Darion004_Basics_007_qt_level_6,2.033687943
00072_Darion004_Basics_007_qt_level_7,2.592021277
00072_Darion004_Basics_007_qt_level_8,3.49893617
00072_Darion004_Basics_007_qt_level_9,3.74858156
00072_Darion004_Basics_007_simp_rate_0.05,3.226616743
00072_Darion004_Basics_007_simp_rate_0.10,3.46489522
00072_Darion004_Basics_007_simp_rate_0.20,3.525639153
00072_Darion004_Basics_007_simp_rate_0.40,3.5284131
00072_Darion004_Basics_007_sub_rate_02,3.813297872
00072_Darion004_Basics_007_sub_rate_04,3.105673759
00072_Darion004_Basics_007_sub_rate_08,2.351950355
00072_Darion004_Basics_007_sub_rate_16,1.471985816
00075_Nash005_Basics_005_cn_sigma_20,3.167907801
00075_Nash005_Basics_005_cn_sigma_40,2.293971631
00075_Nash005_Basics_005_cn_sigma_60,1.760106383
00075_Nash005_Basics_005_cn_sigma_80,2.116489362
00075_Nash005_Basics_005_gn_sigma_0.05,3.242553191
00075_Nash005_Basics_005_gn_sigma_0.10,2.604787234
00075_Nash005_Basics_005_gn_sigma_0.15,2.085638298
00075_Nash005_Basics_005_gn_sigma_0.20,1.613297872
00075_Nash005_Basics_005_jpeg_q_03,1.478723404
00075_Nash005_Basics_005_jpeg_q_10,3.37429078
00075_Nash005_Basics_005_jpeg_q_15,3.585460993
00075_Nash005_Basics_005_jpeg_q_20,3.327836879
00075_Nash005_Basics_005_qp_level_6,0.842198582
00075_Nash005_Basics_005_qp_level_7,1.740425532
00075_Nash005_Basics_005_qp_level_8,3.269148936
00075_Nash005_Basics_005_qp_level_9,4.321276596
00075_Nash005_Basics_005_qt_level_6,1.604609929
00075_Nash005_Basics_005_qt_level_7,2.32570922
00075_Nash005_Basics_005_qt_level_8,3.80141844
00075_Nash005_Basics_005_qt_level_9,3.984397163
00075_Nash005_Basics_005_simp_rate_0.05,3.010917169
00075_Nash005_Basics_005_simp_rate_0.10,3.358097275
00075_Nash005_Basics_005_simp_rate_0.20,3.549503887
00075_Nash005_Basics_005_simp_rate_0.40,3.760382804
00075_Nash005_Basics_005_sub_rate_02,3.553723404
00075_Nash005_Basics_005_sub_rate_04,3.073049645
00075_Nash005_Basics_005_sub_rate_08,2.606382979
00075_Nash005_Basics_005_sub_rate_16,1.615248227
00080_Nash004_Basics_0012_cn_sigma_20,3.52712766
00080_Nash004_Basics_0012_cn_sigma_40,2.258687943
00080_Nash004_Basics_0012_cn_sigma_60,2.154255319
00080_Nash004_Basics_0012_cn_sigma_80,1.749468085
00080_Nash004_Basics_0012_gn_sigma_0.05,3.734751773
00080_Nash004_Basics_0012_gn_sigma_0.10,2.192375887
00080_Nash004_Basics_0012_gn_sigma_0.15,1.957092199
00080_Nash004_Basics_0012_gn_sigma_0.20,2.072163121
00080_Nash004_Basics_0012_jpeg_q_03,1.481914894
00080_Nash004_Basics_0012_jpeg_q_10,2.753191489
00080_Nash004_Basics_0012_jpeg_q_15,3.406382979
00080_Nash004_Basics_0012_jpeg_q_20,4.484042553
00080_Nash004_Basics_0012_qp_level_6,1.130319149
00080_Nash004_Basics_0012_qp_level_7,2.15035461
00080_Nash004_Basics_0012_qp_level_8,3.69858156
00080_Nash004_Basics_0012_qp_level_9,4.545567376
00080_Nash004_Basics_0012_qt_level_6,1.791489362
00080_Nash004_Basics_0012_qt_level_7,2.418617021
00080_Nash004_Basics_0012_qt_level_8,4.181205674
00080_Nash004_Basics_0012_qt_level_9,4.182446809
00080_Nash004_Basics_0012_simp_rate_0.05,3.572562756
00080_Nash004_Basics_0012_simp_rate_0.10,3.587196058
00080_Nash004_Basics_0012_simp_rate_0.20,3.816723771
00080_Nash004_Basics_0012_simp_rate_0.40,4.188362834
00080_Nash004_Basics_0012_sub_rate_02,4.377304965
00080_Nash004_Basics_0012_sub_rate_04,4.25106383
00080_Nash004_Basics_0012_sub_rate_08,2.663120567
00080_Nash004_Basics_0012_sub_rate_16,1.890780142
00083_Ewoud016_Basics_0016_cn_sigma_20,4.354255319
00083_Ewoud016_Basics_0016_cn_sigma_40,2.709929078
00083_Ewoud016_Basics_0016_cn_sigma_60,2.055851064
00083_Ewoud016_Basics_0016_cn_sigma_80,1.54822695
00083_Ewoud016_Basics_0016_gn_sigma_0.05,3.103368794
00083_Ewoud016_Basics_0016_gn_sigma_0.10,2.682978723
00083_Ewoud016_Basics_0016_gn_sigma_0.15,1.821276596
00083_Ewoud016_Basics_0016_gn_sigma_0.20,1.67606383
00083_Ewoud016_Basics_0016_jpeg_q_03,1.330673759
00083_Ewoud016_Basics_0016_jpeg_q_10,3.944680851
00083_Ewoud016_Basics_0016_jpeg_q_15,3.106028369
00083_Ewoud016_Basics_0016_jpeg_q_20,4.355851064
00083_Ewoud016_Basics_0016_qp_level_6,0.809219858
00083_Ewoud016_Basics_0016_qp_level_7,1.200177305
00083_Ewoud016_Basics_0016_qp_level_8,1.055319149
00083_Ewoud016_Basics_0016_qp_level_9,0.863652482
00083_Ewoud016_Basics_0016_qt_level_6,0.163120567
00083_Ewoud016_Basics_0016_qt_level_7,0.550886525
00083_Ewoud016_Basics_0016_qt_level_8,0.717198582
00083_Ewoud016_Basics_0016_qt_level_9,0.817198582
00083_Ewoud016_Basics_0016_simp_rate_0.05,3.099446575
00083_Ewoud016_Basics_0016_simp_rate_0.10,3.08591719
00083_Ewoud016_Basics_0016_simp_rate_0.20,4.0486113
00083_Ewoud016_Basics_0016_simp_rate_0.40,4.069307376
00083_Ewoud016_Basics_0016_sub_rate_02,4.159751773
00083_Ewoud016_Basics_0016_sub_rate_04,3.70070922
00083_Ewoud016_Basics_0016_sub_rate_08,2.272163121
00083_Ewoud016_Basics_0016_sub_rate_16,1.979255319
00089_lauraChris002_Basics_007_cn_sigma_20,2.804787234
00089_lauraChris002_Basics_007_cn_sigma_40,1.629964539
00089_lauraChris002_Basics_007_cn_sigma_60,1.380319149
00089_lauraChris002_Basics_007_cn_sigma_80,1.29893617
00089_lauraChris002_Basics_007_gn_sigma_0.05,3.708156028
00089_lauraChris002_Basics_007_gn_sigma_0.10,2.559929078
00089_lauraChris002_Basics_007_gn_sigma_0.15,2.103900709
00089_lauraChris002_Basics_007_gn_sigma_0.20,1.710106383
00089_lauraChris002_Basics_007_jpeg_q_03,1.12429078
00089_lauraChris002_Basics_007_jpeg_q_10,2.057801418
00089_lauraChris002_Basics_007_jpeg_q_15,3.237765957
00089_lauraChris002_Basics_007_jpeg_q_20,3.913297872
00089_lauraChris002_Basics_007_qp_level_6,0.970390071
00089_lauraChris002_Basics_007_qp_level_7,1.488297872
00089_lauraChris002_Basics_007_qp_level_8,2.557978723
00089_lauraChris002_Basics_007_qp_level_9,4.269680851
00089_lauraChris002_Basics_007_qt_level_6,1.168085106
00089_lauraChris002_Basics_007_qt_level_7,1.505673759
00089_lauraChris002_Basics_007_qt_level_8,3.638652482
00089_lauraChris002_Basics_007_qt_level_9,4.377659574
00089_lauraChris002_Basics_007_simp_rate_0.05,2.641375015
00089_lauraChris002_Basics_007_simp_rate_0.10,3.307706249
00089_lauraChris002_Basics_007_simp_rate_0.20,3.34786058
00089_lauraChris002_Basics_007_simp_rate_0.40,3.496045121
00089_lauraChris002_Basics_007_sub_rate_02,3.67358156
00089_lauraChris002_Basics_007_sub_rate_04,2.621099291
00089_lauraChris002_Basics_007_sub_rate_08,1.895921986
00089_lauraChris002_Basics_007_sub_rate_16,1.455319149
00091_LauraMaud004_Basics_006_cn_sigma_20,2.30035461
00091_LauraMaud004_Basics_006_cn_sigma_40,1.87287234
00091_LauraMaud004_Basics_006_cn_sigma_60,1.383510638
00091_LauraMaud004_Basics_006_cn_sigma_80,1.318794326
00091_LauraMaud004_Basics_006_gn_sigma_0.05,2.669858156
00091_LauraMaud004_Basics_006_gn_sigma_0.10,2.388475177
00091_LauraMaud004_Basics_006_gn_sigma_0.15,1.438297872
00091_LauraMaud004_Basics_006_gn_sigma_0.20,1.293439716
00091_LauraMaud004_Basics_006_jpeg_q_03,0.819858156
00091_LauraMaud004_Basics_006_jpeg_q_10,2.268971631
00091_LauraMaud004_Basics_006_jpeg_q_15,2.951950355
00091_LauraMaud004_Basics_006_jpeg_q_20,3.635460993
00091_LauraMaud004_Basics_006_qp_level_6,1.02712766
00091_LauraMaud004_Basics_006_qp_level_7,1.732801418
00091_LauraMaud004_Basics_006_qp_level_8,2.393617021
00091_LauraMaud004_Basics_006_qp_level_9,3.355319149
00091_LauraMaud004_Basics_006_qt_level_6,1.212056738
00091_LauraMaud004_Basics_006_qt_level_7,2.382446809
00091_LauraMaud004_Basics_006_qt_level_8,3.934751773
00091_LauraMaud004_Basics_006_qt_level_9,4.319680851
00091_LauraMaud004_Basics_006_simp_rate_0.05,3.305537386
00091_LauraMaud004_Basics_006_simp_rate_0.10,3.386093937
00091_LauraMaud004_Basics_006_simp_rate_0.20,3.685525763
00091_LauraMaud004_Basics_006_simp_rate_0.40,3.816113914
00091_LauraMaud004_Basics_006_sub_rate_02,3.921631206
00091_LauraMaud004_Basics_006_sub_rate_04,3.482624113
00091_LauraMaud004_Basics_006_sub_rate_08,2.130496454
00091_LauraMaud004_Basics_006_sub_rate_16,1.743085106
00104_Floris003_Basics_005_cn_sigma_20,2.730141844
00104_Floris003_Basics_005_cn_sigma_40,1.688297872
00104_Floris003_Basics_005_cn_sigma_60,1.54822695
00104_Floris003_Basics_005_cn_sigma_80,1.305319149
00104_Floris003_Basics_005_gn_sigma_0.05,3.307269504
00104_Floris003_Basics_005_gn_sigma_0.10,2.184929078
00104_Floris003_Basics_005_gn_sigma_0.15,2.049113475
00104_Floris003_Basics_005_gn_sigma_0.20,1.515602837
00104_Floris003_Basics_005_jpeg_q_03,2.028014184
00104_Floris003_Basics_005_jpeg_q_10,2.535992908
00104_Floris003_Basics_005_jpeg_q_15,3.431028369
00104_Floris003_Basics_005_jpeg_q_20,4.146631206
00104_Floris003_Basics_005_qp_level_6,0.933510638
00104_Floris003_Basics_005_qp_level_7,1.393085106
00104_Floris003_Basics_005_qp_level_8,2.792907801
00104_Floris003_Basics_005_qp_level_9,3.475177305
00104_Floris003_Basics_005_qt_level_6,2.088829787
00104_Floris003_Basics_005_qt_level_7,2.401950355
00104_Floris003_Basics_005_qt_level_8,3.042198582
00104_Floris003_Basics_005_qt_level_9,4.324468085
00104_Floris003_Basics_005_simp_rate_0.05,3.230307027
00104_Floris003_Basics_005_simp_rate_0.10,3.402375361
00104_Floris003_Basics_005_simp_rate_0.20,3.585058334
00104_Floris003_Basics_005_simp_rate_0.40,3.680186626
00104_Floris003_Basics_005_sub_rate_02,4.063652482
00104_Floris003_Basics_005_sub_rate_04,3.016312057
00104_Floris003_Basics_005_sub_rate_08,2.265425532
00104_Floris003_Basics_005_sub_rate_16,1.796276596
00112_Jenn005_Basics_0015_cn_sigma_20,3.896631206
00112_Jenn005_Basics_0015_cn_sigma_40,2.354255319
00112_Jenn005_Basics_0015_cn_sigma_60,1.889539007
00112_Jenn005_Basics_0015_cn_sigma_80,1.54893617
00112_Jenn005_Basics_0015_gn_sigma_0.05,3.220744681
00112_Jenn005_Basics_0015_gn_sigma_0.10,3.259219858
00112_Jenn005_Basics_0015_gn_sigma_0.15,1.978900709
00112_Jenn005_Basics_0015_gn_sigma_0.20,1.736347518
00112_Jenn005_Basics_0015_jpeg_q_03,1.275886525
00112_Jenn005_Basics_0015_jpeg_q_10,4.192730496
00112_Jenn005_Basics_0015_jpeg_q_15,3.540957447
00112_Jenn005_Basics_0015_jpeg_q_20,3.779078014
00112_Jenn005_Basics_0015_qp_level_6,1.003723404
00112_Jenn005_Basics_0015_qp_level_7,0.921985816
00112_Jenn005_Basics_0015_qp_level_8,0.725531915
00112_Jenn005_Basics_0015_qp_level_9,1.012056738
00112_Jenn005_Basics_0015_qt_level_6,0.918439716
00112_Jenn005_Basics_0015_qt_level_7,0.554432624
00112_Jenn005_Basics_0015_qt_level_8,0.962056738
00112_Jenn005_Basics_0015_qt_level_9,0.920390071
00112_Jenn005_Basics_0015_simp_rate_0.05,3.092173109
00112_Jenn005_Basics_0015_simp_rate_0.10,3.100983235
00112_Jenn005_Basics_0015_simp_rate_0.20,4.093639862
00112_Jenn005_Basics_0015_simp_rate_0.40,4.444459204
00112_Jenn005_Basics_0015_sub_rate_02,3.731560284
00112_Jenn005_Basics_0015_sub_rate_04,2.906028369
00112_Jenn005_Basics_0015_sub_rate_08,2.531737589
00112_Jenn005_Basics_0015_sub_rate_16,1.827659574
00113_Halle001_Basics_0015_cn_sigma_20,3.250886525
00113_Halle001_Basics_0015_cn_sigma_40,2.434042553
00113_Halle001_Basics_0015_cn_sigma_60,2.2
00113_Halle001_Basics_0015_cn_sigma_80,2.388829787
00113_Halle001_Basics_0015_gn_sigma_0.05,3.771631206
00113_Halle001_Basics_0015_gn_sigma_0.10,2.727836879
00113_Halle001_Basics_0015_gn_sigma_0.15,2.114184397
00113_Halle001_Basics_0015_gn_sigma_0.20,1.616489362
00113_Halle001_Basics_0015_jpeg_q_03,2.37251773
00113_Halle001_Basics_0015_jpeg_q_10,3.842198582
00113_Halle001_Basics_0015_jpeg_q_15,3.703014184
00113_Halle001_Basics_0015_jpeg_q_20,3.909397163
00113_Halle001_Basics_0015_qp_level_6,0.785460993
00113_Halle001_Basics_0015_qp_level_7,0.943794326
00113_Halle001_Basics_0015_qp_level_8,0.743794326
00113_Halle001_Basics_0015_qp_level_9,1.589184397
00113_Halle001_Basics_0015_qt_level_6,0.394503546
00113_Halle001_Basics_0015_qt_level_7,0.565957447
00113_Halle001_Basics_0015_qt_level_8,0.614361702
00113_Halle001_Basics_0015_qt_level_9,1.150177305
00113_Halle001_Basics_0015_simp_rate_0.05,2.773544333
00113_Halle001_Basics_0015_simp_rate_0.10,3.372184068
00113_Halle001_Basics_0015_simp_rate_0.20,3.504674913
00113_Halle001_Basics_0015_simp_rate_0.40,3.864865427
00113_Halle001_Basics_0015_sub_rate_02,4.334397163
00113_Halle001_Basics_0015_sub_rate_04,3.654609929
00113_Halle001_Basics_0015_sub_rate_08,2.122163121
00113_Halle001_Basics_0015_sub_rate_16,1.724113475
00115_Halle003_Basics_004_cn_sigma_20,2.981028369
00115_Halle003_Basics_004_cn_sigma_40,2.513120567
00115_Halle003_Basics_004_cn_sigma_60,2.065425532
00115_Halle003_Basics_004_cn_sigma_80,1.531560284
00115_Halle003_Basics_004_gn_sigma_0.05,3.25212766
00115_Halle003_Basics_004_gn_sigma_0.10,2.107092199
00115_Halle003_Basics_004_gn_sigma_0.15,1.637943262
00115_Halle003_Basics_004_gn_sigma_0.20,1.500177305
00115_Halle003_Basics_004_jpeg_q_03,1.514007092
00115_Halle003_Basics_004_jpeg_q_10,3.287411348
00115_Halle003_Basics_004_jpeg_q_15,3.760460993
00115_Halle003_Basics_004_jpeg_q_20,4.124468085
00115_Halle003_Basics_004_qp_level_6,0.929078014
00115_Halle003_Basics_004_qp_level_7,1.860992908
00115_Halle003_Basics_004_qp_level_8,2.335283688
00115_Halle003_Basics_004_qp_level_9,3.74858156
00115_Halle003_Basics_004_qt_level_6,1.19893617
00115_Halle003_Basics_004_qt_level_7,2.427659574
00115_Halle003_Basics_004_qt_level_8,2.800886525
00115_Halle003_Basics_004_qt_level_9,4.016489362
00115_Halle003_Basics_004_simp_rate_0.05,3.16759231
00115_Halle003_Basics_004_simp_rate_0.10,3.285429451
00115_Halle003_Basics_004_simp_rate_0.20,3.533612441
00115_Halle003_Basics_004_simp_rate_0.40,3.760370487
00115_Halle003_Basics_004_sub_rate_02,4.052304965
00115_Halle003_Basics_004_sub_rate_04,2.759574468
00115_Halle003_Basics_004_sub_rate_08,1.720035461
00115_Halle003_Basics_004_sub_rate_16,1.616489362
00116_Jenn002_Basics_004_cn_sigma_20,3.109574468
00116_Jenn002_Basics_004_cn_sigma_40,1.668085106
00116_Jenn002_Basics_004_cn_sigma_60,1.704609929
00116_Jenn002_Basics_004_cn_sigma_80,1.318794326
00116_Jenn002_Basics_004_gn_sigma_0.05,3.365957447
00116_Jenn002_Basics_004_gn_sigma_0.10,2.301950355
00116_Jenn002_Basics_004_gn_sigma_0.15,2.373758865
00116_Jenn002_Basics_004_gn_sigma_0.20,1.65177305
00116_Jenn002_Basics_004_jpeg_q_03,1.139361702
00116_Jenn002_Basics_004_jpeg_q_10,2.770212766
00116_Jenn002_Basics_004_jpeg_q_15,2.851595745
00116_Jenn002_Basics_004_jpeg_q_20,3.935992908
00116_Jenn002_Basics_004_qp_level_6,0.922340426
00116_Jenn002_Basics_004_qp_level_7,1.80106383
00116_Jenn002_Basics_004_qp_level_8,2.010638298
00116_Jenn002_Basics_004_qp_level_9,3.525177305
00116_Jenn002_Basics_004_qt_level_6,1.395035461
00116_Jenn002_Basics_004_qt_level_7,2.3
00116_Jenn002_Basics_004_qt_level_8,3.279787234
00116_Jenn002_Basics_004_qt_level_9,3.582269504
00116_Jenn002_Basics_004_simp_rate_0.05,3.314016513
00116_Jenn002_Basics_004_simp_rate_0.10,3.468540555
00116_Jenn002_Basics_004_simp_rate_0.20,4.121360107
00116_Jenn002_Basics_004_simp_rate_0.40,3.78711306
00116_Jenn002_Basics_004_sub_rate_02,3.64858156
00116_Jenn002_Basics_004_sub_rate_04,2.509929078
00116_Jenn002_Basics_004_sub_rate_08,1.885992908
00116_Jenn002_Basics_004_sub_rate_16,1.596276596
00124_Rian005_cn_sigma_20,2.946453901
00124_Rian005_cn_sigma_40,2.164184397
00124_Rian005_cn_sigma_60,2.050177305
00124_Rian005_cn_sigma_80,1.272340426
00124_Rian005_gn_sigma_0.05,3.084574468
00124_Rian005_gn_sigma_0.10,2.062588652
00124_Rian005_gn_sigma_0.15,1.753014184
00124_Rian005_gn_sigma_0.20,1.814539007
00124_Rian005_jpeg_q_03,1.525531915
00124_Rian005_jpeg_q_10,2.698758865
00124_Rian005_jpeg_q_15,3.340957447
00124_Rian005_jpeg_q_20,4.121631206
00124_Rian005_qp_level_6,0.920744681
00124_Rian005_qp_level_7,1.774113475
00124_Rian005_qp_level_8,2.112234043
00124_Rian005_qp_level_9,2.427304965
00124_Rian005_qt_level_6,1.119148936
00124_Rian005_qt_level_7,1.37393617
00124_Rian005_qt_level_8,2.087234043
00124_Rian005_qt_level_9,2.219326241
00124_Rian005_simp_rate_0.05,2.748549254
00124_Rian005_simp_rate_0.10,3.369594333
00124_Rian005_simp_rate_0.20,3.360821006
00124_Rian005_simp_rate_0.40,3.591912415
00124_Rian005_sub_rate_02,3.778723404
00124_Rian005_sub_rate_04,3.417553191
00124_Rian005_sub_rate_08,2.571453901
00124_Rian005_sub_rate_16,1.861347518
00134_Pascal009_cn_sigma_20,2.230141844
00134_Pascal009_cn_sigma_40,2.005496454
00134_Pascal009_cn_sigma_60,1.393439716
00134_Pascal009_cn_sigma_80,0.760815603
00134_Pascal009_gn_sigma_0.05,3.521631206
00134_Pascal009_gn_sigma_0.10,2.385283688
00134_Pascal009_gn_sigma_0.15,1.803014184
00134_Pascal009_gn_sigma_0.20,1.528368794
00134_Pascal009_jpeg_q_03,0.928191489
00134_Pascal009_jpeg_q_10,2.214184397
00134_Pascal009_jpeg_q_15,3.379078014
00134_Pascal009_jpeg_q_20,3.001241135
00134_Pascal009_qp_level_6,1.093439716
00134_Pascal009_qp_level_7,2.09787234
00134_Pascal009_qp_level_8,2.879078014
00134_Pascal009_qp_level_9,3.884751773
00134_Pascal009_qt_level_6,1.862234043
00134_Pascal009_qt_level_7,1.989539007
00134_Pascal009_qt_level_8,3.122695035
00134_Pascal009_qt_level_9,3.82712766
00134_Pascal009_simp_rate_0.05,3.147532827
00134_Pascal009_simp_rate_0.10,3.239020026
00134_Pascal009_simp_rate_0.20,3.387359264
00134_Pascal009_simp_rate_0.40,3.450363875
00134_Pascal009_sub_rate_02,3.261347518
00134_Pascal009_sub_rate_04,3.069503546
00134_Pascal009_sub_rate_08,1.799468085
00134_Pascal009_sub_rate_16,1.35177305
00167_Raymond005_cn_sigma_20,2.310638298
00167_Raymond005_cn_sigma_40,2.056205674
00167_Raymond005_cn_sigma_60,1.546631206
00167_Raymond005_cn_sigma_80,1.333865248
00167_Raymond005_gn_sigma_0.05,3.522695035
00167_Raymond005_gn_sigma_0.10,2.672163121
00167_Raymond005_gn_sigma_0.15,2.017730496
00167_Raymond005_gn_sigma_0.20,1.785992908
00167_Raymond005_jpeg_q_03,1.139361702
00167_Raymond005_jpeg_q_10,2.206205674
00167_Raymond005_jpeg_q_15,3.957269504
00167_Raymond005_jpeg_q_20,3.364361702
00167_Raymond005_qp_level_6,0.815957447
00167_Raymond005_qp_level_7,1.29822695
00167_Raymond005_qp_level_8,2.563120567
00167_Raymond005_qp_level_9,3.680319149
00167_Raymond005_qt_level_6,1.793971631
00167_Raymond005_qt_level_7,2.531737589
00167_Raymond005_qt_level_8,3.326241135
00167_Raymond005_qt_level_9,3.904964539
00167_Raymond005_simp_rate_0.05,3.485306101
00167_Raymond005_simp_rate_0.10,3.72311933
00167_Raymond005_simp_rate_0.20,4.020352584
00167_Raymond005_simp_rate_0.40,4.2679492
00167_Raymond005_sub_rate_02,4.22287234
00167_Raymond005_sub_rate_04,3.375531915
00167_Raymond005_sub_rate_08,2.600886525
00167_Raymond005_sub_rate_16,1.639893617
00204_Lucian007_cn_sigma_20,2.995744681
00204_Lucian007_cn_sigma_40,1.820921986
00204_Lucian007_cn_sigma_60,1.990780142
00204_Lucian007_cn_sigma_80,1.346985816
00204_Lucian007_gn_sigma_0.05,2.886170213
00204_Lucian007_gn_sigma_0.10,2.565070922
00204_Lucian007_gn_sigma_0.15,1.749468085
00204_Lucian007_gn_sigma_0.20,1.563297872
00204_Lucian007_jpeg_q_03,1.325531915
00204_Lucian007_jpeg_q_10,3.033687943
00204_Lucian007_jpeg_q_15,2.980141844
00204_Lucian007_jpeg_q_20,3.169858156
00204_Lucian007_qp_level_6,1.061702128
00204_Lucian007_qp_level_7,1.687943262
00204_Lucian007_qp_level_8,2.947340426
00204_Lucian007_qp_level_9,3.35177305
00204_Lucian007_qt_level_6,1.768971631
00204_Lucian007_qt_level_7,1.966134752
00204_Lucian007_qt_level_8,3.593794326
00204_Lucian007_qt_level_9,3.87287234
00204_Lucian007_simp_rate_0.05,2.849263059
00204_Lucian007_simp_rate_0.10,3.320331696
00204_Lucian007_simp_rate_0.20,3.483604329
00204_Lucian007_simp_rate_0.40,3.605201404
00204_Lucian007_sub_rate_02,3.95141844
00204_Lucian007_sub_rate_04,3.472340426
00204_Lucian007_sub_rate_08,2.504787234
00204_Lucian007_sub_rate_16,1.897163121
